threshold,tp,fp,tn,fn,tpr,fpr,fnr,tnr,precision,recall,f1
0.0,0,0,12445560,51940,0.0,0.0,1.0,1.0,,0.0,
0.018583264013733527,525,2456,12443104,51415,0.010107816711590296,0.00019733945278476822,0.9898921832884097,0.9998026605472152,0.17611539751761154,0.010107816711590296,0.019118370022395803
0.037166528027467054,1261,9133,12436427,50679,0.024278013092029264,0.0007338360025583421,0.9757219869079707,0.9992661639974416,0.12131999230325187,0.024278013092029264,0.04045946032662752
0.05574979204120058,1943,21649,12423911,49997,0.037408548324990375,0.0017394958523360943,0.9625914516750096,0.9982605041476639,0.08235842658528315,0.037408548324990375,0.05144839273420537
0.07433305605493411,2672,42240,12403320,49268,0.05144397381594147,0.0033939814680898246,0.9485560261840585,0.9966060185319102,0.05949412183826149,0.05144397381594147,0.05517697104861025
0.09291632006866764,3412,72003,12373557,48528,0.06569118213323065,0.005785436734064196,0.9343088178667693,0.9942145632659358,0.04524298879533249,0.06569118213323065,0.053582505594597776
0.11149958408240115,4184,110714,12334846,47756,0.08055448594532152,0.008895863263686006,0.9194455140546784,0.991104136736314,0.036414907135024106,0.08055448594532152,0.05015643918052242
0.13008284809613468,5060,158081,12287479,46880,0.09742010011551791,0.01270179887445804,0.9025798998844821,0.987298201125542,0.031016114894477784,0.09742010011551791,0.04705204085902521
0.14866611210986821,5934,213732,12231828,46006,0.11424720831728918,0.017173353388678373,0.8857527916827108,0.9828266466113216,0.02701373904017918,0.11424720831728918,0.04369564737156027
0.16724937612360175,6861,276326,12169234,45079,0.13209472468232575,0.022202777536727957,0.8679052753176743,0.977797222463272,0.024227807067414817,0.13209472468232575,0.04094567134250597
0.18583264013733528,7842,345624,12099936,44098,0.1509819021948402,0.027770867682932708,0.8490180978051598,0.9722291323170673,0.022186009404016226,0.1509819021948402,0.038687143258856554
0.2044159041510688,8825,420392,12025168,43115,0.16990758567577974,0.033778472001259885,0.8300924143242202,0.9662215279987401,0.020560695405820367,0.16990758567577974,0.03668241343262179
0.2229991681648023,9761,500289,11945271,42179,0.1879283788987293,0.04019819116214939,0.8120716211012707,0.9598018088378506,0.01913733947652191,0.1879283788987293,0.034737272905211836
0.24158243217853584,10742,584762,11860798,41198,0.20681555641124375,0.04698559164874863,0.7931844435887563,0.9530144083512514,0.01803850184045783,0.20681555641124375,0.03318279264307029
0.26016569619226937,11715,672964,11772596,40225,0.22554871005005775,0.05407261706182767,0.7744512899499423,0.9459273829381724,0.017110207849225696,0.22554871005005775,0.031807487995829595
0.2787489602060029,12599,765852,11679708,39341,0.24256834809395456,0.06153616229402293,0.7574316519060454,0.9384638377059771,0.0161847052672551,0.24256834809395456,0.030344741212272288
0.29733222421973643,13549,861452,11584108,38391,0.26085868309587984,0.06921761656365805,0.7391413169041201,0.930782383436342,0.015484553731938593,0.26085868309587984,0.029233791578967813
0.31591548823346993,14465,960638,11484922,37475,0.27849441663457836,0.07718720571834453,0.7215055833654216,0.9228127942816554,0.014834330322027519,0.27849441663457836,0.028168246120172186
0.3344987522472035,15384,1063300,11382260,36556,0.29618790912591453,0.08543609126467591,0.7038120908740855,0.9145639087353241,0.014261822739560427,0.29618790912591453,0.027213291067587457
0.353082016260937,16268,1169542,11276018,35672,0.3132075471698113,0.09397262959641832,0.6867924528301886,0.9060273704035817,0.013718892571322555,0.3132075471698113,0.026286406786507774
0.37166528027467055,17104,1278668,11166892,34836,0.32930304197150556,0.10274089715529072,0.6706969580284944,0.8972591028447093,0.013199853060569297,0.32930304197150556,0.025382277519232593
0.39024854428840405,17910,1389690,11055870,34030,0.3448209472468233,0.11166150820051489,0.6551790527531768,0.8883384917994851,0.01272378516624041,0.3448209472468233,0.024541978979678532
0.4088318083021376,18787,1505047,10940513,33153,0.3617058144012322,0.12093043623589457,0.6382941855987678,0.8790695637641054,0.012328770719120323,0.3617058144012322,0.023844789925458854
0.4274150723158711,19600,1623908,10821652,32340,0.37735849056603776,0.1304809104612408,0.6226415094339622,0.8695190895387592,0.011925710127361716,0.37735849056603776,0.02312073269130047
0.4459983363296046,20433,1745603,10699957,31507,0.39339622641509436,0.14025909641671408,0.6066037735849057,0.8597409035832859,0.011569979320919846,0.39339622641509436,0.022478844605209308
0.4645816003433382,21290,1870934,10574626,30650,0.4098960338852522,0.15032943475424168,0.5901039661147478,0.8496705652457583,0.011251310627071636,0.4098960338852522,0.021901444528342258
0.4831648643570717,22133,1999444,10446116,29807,0.42612629957643433,0.16065520555121665,0.5738737004235657,0.8393447944487833,0.010948383366055312,0.42612629957643433,0.02134826963077708
0.5017481283708052,22946,2131769,10313791,28994,0.44177897574123987,0.17128751136951653,0.5582210242587601,0.8287124886304835,0.010649204187096669,0.44177897574123987,0.020797088806360758
0.5203313923845387,23748,2267938,10177622,28192,0.45721986907970735,0.18222868235740297,0.5427801309202926,0.817771317642597,0.010362676213058857,0.45721986907970735,0.020266032208210695
0.5389146563982723,24575,2408709,10036851,27365,0.47314208702348864,0.19353962376944067,0.5268579129765114,0.8064603762305593,0.010099519825881401,0.47314208702348864,0.01977688932667639
0.5574979204120059,25440,2553547,9892013,26500,0.4897959183673469,0.2051773483876981,0.5102040816326531,0.7948226516123019,0.009864338207210816,0.4897959183673469,0.019339191091200934
0.5760811844257393,26236,2702226,9743334,25704,0.505121293800539,0.21712369712572194,0.4948787061994609,0.782876302874278,0.009615673591935676,0.505121293800539,0.01887209115804117
0.5946644484394729,27046,2854718,9590842,24894,0.5207162110127069,0.22937642018519055,0.479283788987293,0.7706235798148094,0.009385223772661468,0.5207162110127069,0.018438124636977693
0.6132477124532064,27876,3011194,9434366,24064,0.5366961879091259,0.24194925740585396,0.46330381209087407,0.7580507425941461,0.009172542916089462,0.5366961879091259,0.01803682291548717
0.6318309764669399,28661,3173437,9272123,23279,0.55180978051598,0.2549854727308373,0.44819021948402005,0.7450145272691626,0.008950694201114395,0.55180978051598,0.017615651691836418
0.6504142404806734,29435,3339469,9106091,22505,0.566711590296496,0.26832613397870403,0.433288409703504,0.7316738660212959,0.008737262919928854,0.566711590296496,0.01720920334280078
0.668997504494407,30236,3509767,8935793,21704,0.5821332306507508,0.2820095680708622,0.41786676934924916,0.7179904319291378,0.00854123569951777,0.5821332306507508,0.0168354564646488
0.6875807685081405,30984,3684907,8760653,20956,0.5965344628417405,0.2960820565727858,0.40346553715825956,0.7039179434272143,0.008338242429608404,0.5965344628417405,0.01644659752520747
0.706164032521874,31745,3865318,8580242,20195,0.6111859838274932,0.31057806960876005,0.3888140161725067,0.6894219303912399,0.00814587806253068,0.6111859838274932,0.0160774757578052
0.7247472965356075,32502,4050168,8395392,19438,0.6257604928763958,0.325430756028656,0.37423950712360415,0.674569243971344,0.007960966720308034,0.6257604928763958,0.0157219181494748
0.7433305605493411,33254,4241513,8204047,18686,0.6402387370042356,0.3408053153092348,0.35976126299576433,0.6591946846907653,0.007779137436028677,0.6402387370042356,0.015371505396598385
0.7619138245630745,33997,4437653,8007907,17943,0.6545437042741625,0.3565651525523962,0.3454562957258375,0.6434348474476038,0.007602786443482831,0.6545437042741625,0.015030982029759549
0.7804970885768081,34688,4639509,7806051,17252,0.6678475163650366,0.3727842700529345,0.3321524836349634,0.6272157299470654,0.007421167742822992,0.6678475163650366,0.01467921899005467
0.7990803525905417,35408,4846520,7599040,16532,0.6817096649980747,0.38941759149447674,0.3182903350019253,0.6105824085055233,0.007252872225891082,0.6817096649980747,0.014353039035499124
0.8176636166042752,36169,5060297,7385263,15771,0.6963611859838275,0.4065945606304578,0.3036388140161725,0.5934054393695423,0.007096878503653316,0.6963611859838275,0.014050562445929867
0.8362468806180087,36940,5281039,7164521,15000,0.7112052368117058,0.42433116709894936,0.28879476318829417,0.5756688329010506,0.006946247813314043,0.7112052368117058,0.013758121863663122
0.8548301446317422,37652,5509002,6936558,14288,0.7249133615710435,0.4426479804846066,0.2750866384289565,0.5573520195153935,0.006788236655828901,0.7249133615710435,0.013450519898388772
0.8734134086454758,38379,5742025,6703535,13561,0.7389102810935695,0.46137136456696204,0.2610897189064305,0.538628635433038,0.0066395013220529224,0.7389102810935695,0.013160746348294958
0.8919966726592092,39037,5982792,6462768,12903,0.7515787447054293,0.48071697858513396,0.24842125529457065,0.519283021414866,0.006482581953090996,0.7515787447054293,0.012854291956114892
0.9105799366729428,39729,6230438,6215122,12211,0.764901809780516,0.5006153198409714,0.23509819021948403,0.4993846801590286,0.0063361948732784945,0.764901809780516,0.012568278265458019
0.9291632006866763,40418,6485640,5959920,11522,0.778167115902965,0.5211207852438942,0.22183288409703503,0.4788792147561058,0.00619332528150991,0.778167115902965,0.012288845329536432
0.9477464647004099,41114,6748601,5696959,10826,0.7915671929149019,0.5422496858317344,0.2084328070850982,0.4577503141682656,0.0060553351650253365,0.7915671929149019,0.01201872938638385
0.9663297287141434,41798,7018207,5427353,10142,0.804736234116288,0.5639125117712662,0.19526376588371197,0.4360874882287338,0.005920392407654102,0.804736234116288,0.011754309123594178
0.9849129927278769,42484,7294649,5150911,9456,0.8179437812860993,0.586124609901041,0.18205621871390065,0.41387539009895896,0.005790272576495479,0.8179437812860993,0.011499142043934336
1.0034962567416104,43220,7578809,4866751,8720,0.8321139776665383,0.6089568488681908,0.1678860223334617,0.39104315113180926,0.005670406134639477,0.8321139776665383,0.011264053842281616
1.022079520755344,43932,7868254,4577306,8008,0.845822102425876,0.632213737268552,0.15417789757412398,0.367786262731448,0.005552447831737019,0.845822102425876,0.01103247236419916
1.0406627847690775,44655,8162338,4283222,7285,0.8597420100115518,0.6558433690408467,0.1402579899884482,0.34415663095915333,0.005441091517928673,0.8597420100115518,0.010813745552845628
1.059246048782811,45337,8458381,3987179,6603,0.8728725452445129,0.6796304063457169,0.1271274547554871,0.32036959365428314,0.005331432674507786,0.8728725452445129,0.010598132837941863
1.0778293127965446,45947,8755333,3690227,5993,0.8846168656141702,0.7034904817461006,0.1153831343858298,0.2965095182538994,0.005220490655904596,0.8846168656141702,0.010379726246495625
1.0964125768102781,46541,9050668,3394892,5399,0.8960531382364266,0.7272206312934091,0.10394686176357336,0.2727793687065909,0.0051159646876311185,0.8960531382364266,0.01017384239780115
1.1149958408240117,47163,9343938,3101622,4777,0.9080284944166346,0.7507848582144958,0.09197150558336542,0.24921514178550422,0.005022094853414951,0.9080284944166346,0.00998894318048603
1.133579104837745,47715,9632779,2812781,4225,0.9186561417019639,0.7739932152510615,0.0813438582980362,0.22600678474893857,0.0049289839960646635,0.9186561417019639,0.009805358043013699
1.1521623688514786,48242,9913786,2531774,3698,0.9288024643819792,0.7965721108572053,0.0711975356180208,0.2034278891427947,0.004842588276202396,0.9288024643819792,0.009634941913135733
1.1707456328652122,48757,10185419,2260141,3183,0.938717751251444,0.8183978061252366,0.06128224874855603,0.18160219387476337,0.004764135383249223,0.938717751251444,0.009480157524958887
1.1893288968789457,49196,10445071,2000489,2744,0.9471698113207547,0.8392608287614217,0.052830188679245285,0.16073917123857825,0.00468789292286922,0.9471698113207547,0.009329610162212823
1.2079121608926793,49627,10691794,1753766,2313,0.955467847516365,0.8590850070225847,0.044532152483634964,0.14091499297741525,0.004620152212635554,0.955467847516365,0.00919583807119951
1.2264954249064128,49973,10922784,1522776,1967,0.9621293800539084,0.8776450396768004,0.037870619946091644,0.1223549603231996,0.004554279293708956,0.9621293800539084,0.009065645976483527
1.2450786889201464,50286,11135884,1309676,1654,0.9681555641124374,0.8947676119033615,0.03184443588756257,0.10523238809663849,0.004495372410753636,0.9681555641124374,0.008949191634536413
1.2636619529338797,50557,11330063,1115497,1383,0.9733731228340393,0.9103698829140674,0.026626877165960725,0.08963011708593266,0.004442376601626274,0.9733731228340393,0.00884438830848034
1.2822452169476133,50822,11505721,939839,1118,0.9784751636503658,0.9244839926849414,0.02152483634963419,0.07551600731505854,0.004397681901932092,0.9784751636503658,0.008756010582950417
1.3008284809613468,51021,11661893,783667,919,0.9823065075086639,0.937032403523827,0.017693492491336157,0.06296759647617303,0.004355961291955188,0.9823065075086639,0.008673460801128513
1.3194117449750804,51191,11799193,646367,749,0.9855795148247979,0.9480644502939201,0.014420485175202157,0.05193554970607992,0.004319775629211678,0.9855795148247979,0.008601849521152338
1.337995008988814,51361,11918237,527323,579,0.9888525221409319,0.9576296285582971,0.011147477859068156,0.04237037144170291,0.004290954466474145,0.9888525221409319,0.008544830120738296
1.3565782730025475,51514,12019631,425929,426,0.9917982287254524,0.9657766303806338,0.008201771274547555,0.03422336961936626,0.004267532201791959,0.9917982287254524,0.008498496876001448
1.375161537016281,51618,12105732,339828,322,0.9938005390835579,0.9726948405696489,0.0061994609164420485,0.027305159430351066,0.0042458265987242285,0.9938005390835579,0.00845552853605738
1.3937448010300144,51693,12177223,268337,247,0.9952445128994994,0.978439138134403,0.0047554871005005776,0.02156086186559705,0.004227112198660944,0.9952445128994994,0.008418468549749302
1.412328065043748,51760,12236023,209537,180,0.9965344628417405,0.983163714609869,0.0034655371582595304,0.0168362853901311,0.004212313970713838,0.9965344628417405,0.00838916724467802
1.4309113290574815,51819,12284009,161551,121,0.9976703889102811,0.9870193868335374,0.0023296110897189064,0.012980613166462578,0.004200690865663821,0.9976703889102811,0.008366156033919912
1.449494593071215,51853,12322476,123084,87,0.9983249903735079,0.9901102079777848,0.0016750096264921063,0.009889792022215151,0.004190368625240205,0.9983249903735079,0.008345706985741254
1.4680778570849486,51891,12352953,92607,49,0.9990566037735849,0.9925590331009613,0.0009433962264150943,0.0074409668990386936,0.004183123947387004,0.9990566037735849,0.008331363857637733
1.4866611210986822,51909,12376945,68615,31,0.9994031574894109,0.9944867888628555,0.0005968425105891413,0.005513211137144492,0.004176491251727633,0.9994031574894109,0.008318220779863843
1.5052443851124158,51914,12395316,50244,26,0.9994994224104736,0.9959628976116783,0.0005005775895263766,0.004037102388321619,0.004170727141701407,0.9994994224104736,0.008306791570960313
1.523827649126149,51920,12409081,36479,20,0.9996149403157489,0.9970689145365897,0.0003850596842510589,0.002931085463410244,0.004166599456977814,0.9996149403157489,0.008298608616471538
1.5424109131398827,51929,12419627,25933,11,0.999788217173662,0.9979162850044514,0.0002117828263380824,0.002083714995548613,0.004163794798339518,0.999788217173662,0.008293051716549437
1.5609941771536162,51935,12427252,18308,5,0.9999037350789373,0.9985289532974009,9.626492106276473e-05,0.0014710467025991598,0.004161729445996762,0.9999037350789373,0.008288959165444575
1.5795774411673498,51936,12432882,12678,4,0.9999229880631498,0.9989813234599327,7.701193685021179e-05,0.001018676540067301,0.004159932487602142,0.9999229880631498,0.008285395634182296
1.5981607051810833,51936,12436994,8566,4,0.9999229880631498,0.9993117224134551,7.701193685021179e-05,0.0006882775865449204,0.004158562823236258,0.9999229880631498,0.008282678952895613
1.6167439691948169,51937,12439936,5624,3,0.9999422410473623,0.9995481119371085,5.775895263765884e-05,0.0004518880628915051,0.00415766314627118,0.9999422410473623,0.008280895131328889
1.6353272332085504,51938,12441945,3615,2,0.9999614940315749,0.9997095349666869,3.850596842510589e-05,0.00029046503331308515,0.004157074305882327,0.9999614940315749,0.008279727842485901
1.6539104972222838,51939,12443355,2205,1,0.9999807470157874,0.9998228283821701,1.9252984212552947e-05,0.0001771716178299731,0.00415668490873444,0.9999807470157874,0.008278956142843914
1.6724937612360173,51940,12444269,1291,0,1.0,0.9998962682273839,0.0,0.00010373177261609763,0.0041564605713620825,1.0,0.008278511834693707
1.691077025249751,51940,12444867,693,0,1.0,0.9999443174915391,0.0,5.568250846084869e-05,0.004156261675482385,1.0,0.008278117329164416
1.7096602892634845,51940,12445173,387,0,1.0,0.9999689045731972,0.0,3.1095426802811605e-05,0.00415615990669205,1.0,0.008277915472984296
1.728243553277218,51940,12445360,200,0,1.0,0.9999839300119883,0.0,1.6069988011788944e-05,0.004156097717106895,1.0,0.008277792121275869
1.7468268172909516,51940,12445466,94,0,1.0,0.9999924471056345,0.0,7.552894365540803e-06,0.004156062466082962,1.0,0.008277722201619112
1.7654100813046851,51940,12445524,36,0,1.0,0.9999971074021579,0.0,2.8925978421220097e-06,0.004156043178039961,1.0,0.008277683944193686
1.7839933453184185,51940,12445547,13,0,1.0,0.9999989554507792,0.0,1.0445492207662812e-06,0.004156035529382827,1.0,0.00827766877324359
1.802576609332152,51940,12445556,4,0,1.0,0.9999996786002397,0.0,3.2139976023577886e-07,0.004156032536437699,1.0,0.008277662836799997
1.8211598733458856,51940,12445558,2,0,1.0,0.9999998393001199,0.0,1.6069988011788943e-07,0.004156031871339367,1.0,0.008277661517591465
1.8397431373596191,51940,12445559,1,0,1.0,0.99999991965006,0.0,8.034994005894471e-08,0.004156031538790281,1.0,0.008277660857987356
